epoch,time,train/box_loss,train/seg_loss,train/cls_loss,train/dfl_loss,train/sem_loss,metrics/precision(B),metrics/recall(B),metrics/mAP50(B),metrics/mAP50-95(B),metrics/precision(M),metrics/recall(M),metrics/mAP50(M),metrics/mAP50-95(M),val/box_loss,val/seg_loss,val/cls_loss,val/dfl_loss,val/sem_loss,lr/pg0,lr/pg1,lr/pg2
1,6.52203,1.01146,3.44427,2.32519,1.31541,0,0.84297,0.83333,0.89272,0.77011,0.80925,0.8,0.89058,0.71476,0.48316,1.12737,1.6501,0.5123,0,0.00036,0.00036,0.00036
2,10.4123,0.80784,1.71492,1.23387,1.16293,0,0.90156,0.91616,0.93097,0.70791,0.93531,0.96395,0.95977,0.67011,0.84511,2.04779,1.15573,0.7526,0,0.000732674,0.000732674,0.000732674
3,14.2544,0.786,1.56896,0.98854,1.1419,0,0.47758,0.9,0.57954,0.45144,0.40217,0.66667,0.4124,0.20171,0.87196,6.12069,1.91607,0.70189,0,0.00109782,0.00109782,0.00109782
4,18.3923,0.78634,1.72252,0.93482,1.12889,0,0.70644,0.9,0.81928,0.67962,0.70644,0.9,0.81223,0.55687,0.63433,6.95698,2.213,0.62413,0,0.00145545,0.00145545,0.00145545
5,22.2427,0.74967,1.56705,0.86117,1.1106,0,0.83735,0.85824,0.9175,0.75476,0.83735,0.85824,0.9175,0.7421,0.70639,2.10554,1.21994,0.62539,0,0.00180555,0.00180555,0.00180555
6,26.0391,0.75552,1.58753,0.85213,1.10702,0,0.64081,0.63333,0.66713,0.48631,0.40204,0.63333,0.3957,0.1962,0.73572,5.77524,1.59503,0.66148,0,0.001901,0.001901,0.001901
7,29.668,0.79415,1.45485,0.84089,1.12292,0,0.76337,0.76667,0.81503,0.61379,0.76337,0.76667,0.81936,0.62594,0.88222,1.58224,1.76999,0.69952,0,0.0018812,0.0018812,0.0018812
8,33.0669,0.77612,1.454,0.81553,1.10995,0,0.81418,0.73035,0.83172,0.50423,0.84977,0.75451,0.84369,0.60977,0.79564,1.51188,1.60017,0.73434,0,0.0018614,0.0018614,0.0018614
9,36.2876,0.71269,1.32963,0.76283,1.07653,0,0.96273,0.96667,0.96516,0.74142,0.92931,0.93333,0.93237,0.70747,0.85606,2.98268,0.85022,0.64208,0,0.0018416,0.0018416,0.0018416
10,39.6233,0.70629,1.47819,0.75363,1.08772,0,0.94556,0.86667,0.94352,0.6572,0.93341,0.93453,0.94644,0.74375,0.82327,1.08567,1.06968,0.65877,0,0.0018218,0.0018218,0.0018218
11,43.1297,0.7068,1.4274,0.75976,1.0816,0,0.95259,0.86667,0.95335,0.68846,0.91595,0.83333,0.92118,0.45348,0.75592,2.8151,0.93519,0.62523,0,0.001802,0.001802,0.001802
12,46.4933,0.65806,1.29525,0.68769,1.0499,0,0.90062,0.96667,0.95749,0.84832,0.90062,0.96667,0.95749,0.81609,0.53421,1.0042,1.01864,0.52084,0,0.0017822,0.0017822,0.0017822
13,49.8888,0.66797,1.3436,0.69036,1.06,0,0.92548,0.96667,0.96182,0.83467,0.97256,0.9,0.95685,0.80728,0.56794,1.43726,0.59569,0.51095,0,0.0017624,0.0017624,0.0017624
14,53.1748,0.65202,1.32824,0.70288,1.0516,0,0.89633,0.93333,0.94295,0.82612,0.89633,0.93333,0.9391,0.82421,0.54061,0.9259,0.81057,0.53125,0,0.0017426,0.0017426,0.0017426
15,56.6155,0.6301,1.18458,0.66202,1.04097,0,0.99583,0.96667,0.96517,0.86007,0.99583,0.96667,0.96517,0.70422,0.57841,1.83951,0.5792,0.52986,0,0.0017228,0.0017228,0.0017228
16,59.9584,0.65546,1.28806,0.66196,1.06069,0,0.9814,0.96667,0.96516,0.85937,0.9814,0.96667,0.96516,0.83594,0.53114,1.17026,0.55654,0.49062,0,0.001703,0.001703,0.001703
17,63.6797,0.61869,1.28355,0.6442,1.04142,0,0.922,0.9,0.94426,0.81114,0.922,0.9,0.93535,0.79011,0.62155,1.46355,0.68839,0.51129,0,0.0016832,0.0016832,0.0016832
18,67.3697,0.64336,1.30669,0.67001,1.04444,0,0.90913,0.9,0.92984,0.76734,0.90913,0.9,0.92984,0.81064,0.73059,0.73462,0.81888,0.59608,0,0.0016634,0.0016634,0.0016634
19,71.019,0.64366,1.2568,0.64159,1.05621,0,0.99675,0.96667,0.96524,0.81826,0.99675,0.96667,0.96524,0.86202,0.66438,0.81378,0.52746,0.58188,0,0.0016436,0.0016436,0.0016436
20,74.5529,0.6061,1.19456,0.61248,1.03629,0,0.96509,0.96667,0.96428,0.84514,0.96509,0.96667,0.96428,0.86832,0.61685,0.93652,0.50326,0.52843,0,0.0016238,0.0016238,0.0016238
21,78.0143,0.60395,1.15135,0.60583,1.04051,0,0.99352,0.96667,0.96538,0.8962,0.99352,0.96667,0.96538,0.90531,0.47492,0.61076,0.4675,0.48062,0,0.001604,0.001604,0.001604
22,81.7379,0.5999,1.19988,0.6142,1.02865,0,0.93535,0.9646,0.95403,0.84291,0.93535,0.9646,0.95403,0.90715,0.57429,0.5811,0.516,0.53213,0,0.0015842,0.0015842,0.0015842
23,85.2395,0.57839,1.1224,0.58358,1.01823,0,0.99492,0.96667,0.96513,0.81726,0.99492,0.96667,0.96513,0.88863,0.69367,0.55987,0.62661,0.57183,0,0.0015644,0.0015644,0.0015644
24,88.6776,0.54946,0.98942,0.55301,1.00483,0,1,0.96296,0.96514,0.85657,1,0.96296,0.96514,0.86522,0.50443,0.88391,0.55526,0.4795,0,0.0015446,0.0015446,0.0015446
25,91.984,0.58803,1.0873,0.60023,1.02444,0,0.99845,0.96667,0.96533,0.85604,0.99845,0.96667,0.96533,0.87156,0.50464,0.72491,0.39332,0.49094,0,0.0015248,0.0015248,0.0015248
26,95.2437,0.56005,0.98647,0.55435,1.00767,0,0.99729,0.96667,0.96526,0.90595,0.99729,0.96667,0.96526,0.91599,0.42576,0.60979,0.42895,0.45083,0,0.001505,0.001505,0.001505
27,98.8363,0.59206,1.05959,0.58292,1.01611,0,0.98838,0.96667,0.96532,0.90254,0.98838,0.96667,0.96532,0.89252,0.44746,0.5646,0.42709,0.45941,0,0.0014852,0.0014852,0.0014852
28,102.248,0.56163,1.04426,0.55995,1.01316,0,0.99503,0.96667,0.96544,0.94351,0.99503,0.96667,0.96544,0.90303,0.33234,0.61957,0.38683,0.4242,0,0.0014654,0.0014654,0.0014654
29,106.065,0.5595,1.02648,0.53403,1.00796,0,0.99601,0.96667,0.96537,0.91076,0.99601,0.96667,0.96537,0.92336,0.40443,0.57929,0.45758,0.4518,0,0.0014456,0.0014456,0.0014456
30,109.898,0.56755,0.99112,0.54537,0.99971,0,0.96176,0.96667,0.96297,0.8528,0.96176,0.96667,0.96297,0.9232,0.5638,0.57078,0.52925,0.52235,0,0.0014258,0.0014258,0.0014258
31,113.496,0.54281,1.06669,0.53515,0.99991,0,0.98816,0.96667,0.96537,0.87236,0.98816,0.96667,0.96537,0.91595,0.45126,0.57359,0.3865,0.46445,0,0.001406,0.001406,0.001406
32,116.877,0.54068,1.02573,0.52869,1.00012,0,0.99776,0.96667,0.96537,0.88731,0.99776,0.96667,0.96537,0.9422,0.43864,0.41511,0.3774,0.46945,0,0.0013862,0.0013862,0.0013862
33,120.11,0.54195,1.0619,0.51267,1.01163,0,0.98644,0.96667,0.96524,0.9095,0.98644,0.96667,0.96524,0.9207,0.35154,0.59545,0.36607,0.42934,0,0.0013664,0.0013664,0.0013664
34,123.534,0.52885,1.03725,0.52731,1.00595,0,0.9615,0.96667,0.96282,0.86386,0.9615,0.96667,0.96282,0.91755,0.4982,1.10955,0.55314,0.46669,0,0.0013466,0.0013466,0.0013466
35,127.194,0.51269,0.93385,0.50293,0.98875,0,0.99335,0.96667,0.96537,0.88469,0.99335,0.96667,0.96537,0.89476,0.4051,0.57274,0.37753,0.46595,0,0.0013268,0.0013268,0.0013268
36,130.69,0.51301,0.9374,0.49961,0.98492,0,0.99617,0.96667,0.96556,0.87888,0.99617,0.96667,0.96556,0.90483,0.37797,0.4331,0.37336,0.43161,0,0.001307,0.001307,0.001307
37,134.17,0.54915,1.06216,0.51299,1.00138,0,0.9971,0.96667,0.96586,0.90226,0.9971,0.96667,0.96586,0.93147,0.40756,0.45336,0.37418,0.44174,0,0.0012872,0.0012872,0.0012872
38,137.711,0.52042,0.91982,0.50181,0.98976,0,0.99732,0.96667,0.96536,0.92152,0.99732,0.96667,0.96536,0.90379,0.39057,0.53587,0.39942,0.44245,0,0.0012674,0.0012674,0.0012674
39,141.254,0.53088,1.06183,0.50883,1.00278,0,0.99634,0.96667,0.96519,0.85592,0.99634,0.96667,0.96519,0.86942,0.54823,0.74225,0.54649,0.49574,0,0.0012476,0.0012476,0.0012476
40,144.69,0.48941,0.99511,0.47538,0.98628,0,0.99705,0.96667,0.96519,0.89179,0.99705,0.96667,0.96519,0.90709,0.48044,0.63366,0.56927,0.46886,0,0.0012278,0.0012278,0.0012278
41,148.122,0.49849,1.01146,0.46896,0.98107,0,0.99693,0.96667,0.96518,0.90273,0.99693,0.96667,0.96518,0.92315,0.44666,0.57219,0.46332,0.45631,0,0.001208,0.001208,0.001208
42,151.651,0.51774,1.01178,0.49552,1.00488,0,0.9665,0.96667,0.96529,0.895,0.9665,0.96667,0.96529,0.86857,0.44732,0.98953,0.40279,0.46785,0,0.0011882,0.0011882,0.0011882
43,154.965,0.47961,0.84653,0.46081,0.98328,0,0.99221,0.96667,0.96532,0.92117,0.99221,0.96667,0.96532,0.86229,0.29961,0.87631,0.31945,0.40846,0,0.0011684,0.0011684,0.0011684
44,158.676,0.53506,1.02467,0.5005,1.00537,0,0.99466,0.96667,0.96538,0.93251,0.99466,0.96667,0.96538,0.93107,0.2627,0.4904,0.28424,0.39807,0,0.0011486,0.0011486,0.0011486
45,166.255,0.52198,1.00503,0.48879,0.99082,0,0.99572,0.96667,0.96565,0.85766,0.99572,0.96667,0.96565,0.92057,0.44232,0.5577,0.34026,0.45113,0,0.0011288,0.0011288,0.0011288
46,175.262,0.50832,0.97774,0.49909,0.98771,0,0.99748,0.96667,0.96601,0.91645,0.99748,0.96667,0.96601,0.90031,0.36594,0.59668,0.28715,0.42944,0,0.001109,0.001109,0.001109
47,184.42,0.49307,0.84911,0.47839,0.98791,0,0.99778,0.96667,0.96579,0.92097,0.99778,0.96667,0.96579,0.90169,0.34692,0.57727,0.29793,0.43314,0,0.0010892,0.0010892,0.0010892
48,193.559,0.5005,1.0041,0.47732,0.98647,0,0.98857,0.96667,0.9654,0.88422,0.98857,0.96667,0.9654,0.90459,0.39433,0.66707,0.33473,0.44287,0,0.0010694,0.0010694,0.0010694
49,202.778,0.45539,0.85294,0.44611,0.97327,0,1,0.96534,0.96537,0.90182,1,0.96534,0.96537,0.90688,0.36286,0.70314,0.32573,0.42908,0,0.0010496,0.0010496,0.0010496
50,210.761,0.47462,0.94897,0.45613,0.98996,0,0.99375,0.96667,0.96573,0.89302,0.99375,0.96667,0.96573,0.93391,0.43549,0.4361,0.34187,0.45552,0,0.0010298,0.0010298,0.0010298
51,216.862,0.49226,0.95316,0.46305,0.98768,0,0.9974,0.96667,0.96579,0.94354,0.9974,0.96667,0.96579,0.94328,0.32963,0.46183,0.28773,0.4173,0,0.00101,0.00101,0.00101
52,221.387,0.48606,0.89237,0.44468,0.98274,0,0.99674,0.96667,0.96571,0.90835,0.99674,0.96667,0.96571,0.89066,0.38054,0.65772,0.28361,0.43394,0,0.0009902,0.0009902,0.0009902
53,225.008,0.49188,0.94929,0.463,0.98106,0,0.99434,0.96667,0.96586,0.93419,0.99434,0.96667,0.96586,0.91163,0.34721,0.63654,0.27785,0.42513,0,0.0009704,0.0009704,0.0009704
54,228.42,0.51662,0.92284,0.46386,0.99303,0,0.99372,0.96667,0.96592,0.8823,0.99372,0.96667,0.96592,0.9102,0.41324,0.52524,0.30785,0.44608,0,0.0009506,0.0009506,0.0009506
55,231.963,0.52047,0.90449,0.48848,0.99757,0,0.99635,0.96667,0.96573,0.91182,0.99635,0.96667,0.96573,0.9345,0.33216,0.47695,0.2723,0.41779,0,0.0009308,0.0009308,0.0009308
56,235.682,0.4625,0.8502,0.43998,0.97274,0,0.99677,0.96667,0.96616,0.91256,0.99677,0.96667,0.96616,0.945,0.35843,0.46959,0.29426,0.41266,0,0.000911,0.000911,0.000911
57,239.737,0.45441,1.00293,0.43179,0.97589,0,0.99741,0.96667,0.96664,0.94641,0.99741,0.96667,0.96664,0.93121,0.30208,0.53455,0.25453,0.3981,0,0.0008912,0.0008912,0.0008912
58,243.475,0.4744,1.00715,0.44294,0.98092,0,0.997,0.96667,0.96575,0.91053,0.997,0.96667,0.96575,0.9221,0.38636,0.51713,0.31263,0.43135,0,0.0008714,0.0008714,0.0008714
59,247.207,0.46479,0.85956,0.44264,0.97566,0,0.99748,0.96667,0.96556,0.90941,0.99748,0.96667,0.96556,0.91077,0.37616,0.51023,0.30148,0.42329,0,0.0008516,0.0008516,0.0008516
60,250.88,0.45321,0.8155,0.4302,0.96843,0,0.99759,0.96667,0.96602,0.93447,0.99759,0.96667,0.96602,0.91504,0.30553,0.55209,0.24636,0.40043,0,0.0008318,0.0008318,0.0008318
61,254.211,0.43748,0.84338,0.42247,0.97177,0,0.99573,0.96667,0.96602,0.94026,0.99573,0.96667,0.96602,0.90999,0.30238,0.57306,0.26632,0.40083,0,0.000812,0.000812,0.000812
62,257.714,0.4571,0.94862,0.42784,0.97407,0,0.99619,0.96667,0.96583,0.91661,0.99619,0.96667,0.96583,0.90688,0.30145,0.5546,0.28037,0.40122,0,0.0007922,0.0007922,0.0007922
63,261.294,0.41838,0.77188,0.40019,0.95262,0,0.99771,0.96667,0.96561,0.93205,0.99771,0.96667,0.96561,0.9181,0.33627,0.57785,0.286,0.41264,0,0.0007724,0.0007724,0.0007724
64,264.758,0.4611,0.95728,0.44048,0.97769,0,0.9975,0.96667,0.96569,0.94929,0.9975,0.96667,0.96569,0.92306,0.30562,0.61277,0.25988,0.40519,0,0.0007526,0.0007526,0.0007526
65,267.966,0.42239,0.79725,0.39515,0.95329,0,1,0.96661,0.96569,0.92692,1,0.96661,0.96569,0.94063,0.27643,0.51921,0.27077,0.39918,0,0.0007328,0.0007328,0.0007328
66,271.361,0.48902,0.91775,0.44705,0.98554,0,0.99562,0.96667,0.96558,0.95093,0.99562,0.96667,0.96558,0.91558,0.24144,0.57147,0.26143,0.39094,0,0.000713,0.000713,0.000713
67,275.147,0.45965,0.87322,0.44879,0.97501,0,0.99661,0.96667,0.96576,0.94311,0.99661,0.96667,0.96576,0.94633,0.26834,0.49539,0.25887,0.39612,0,0.0006932,0.0006932,0.0006932
68,278.805,0.42505,0.80844,0.40694,0.96797,0,0.99721,0.96667,0.96589,0.94457,0.99721,0.96667,0.96589,0.93335,0.29233,0.43993,0.26034,0.40117,0,0.0006734,0.0006734,0.0006734
69,282.532,0.43552,0.78822,0.41633,0.96859,0,0.99404,0.96667,0.96588,0.95243,0.99404,0.96667,0.96588,0.94306,0.27187,0.5288,0.24186,0.40461,0,0.0006536,0.0006536,0.0006536
70,286.126,0.44208,0.83918,0.39456,0.97639,0,0.99554,0.96667,0.9658,0.9466,0.99554,0.96667,0.9658,0.93963,0.28552,0.58761,0.24831,0.40359,0,0.0006338,0.0006338,0.0006338
71,289.649,0.423,0.74641,0.38491,0.95688,0,1,0.9665,0.96562,0.93884,1,0.9665,0.96562,0.93167,0.24195,0.60061,0.24328,0.39139,0,0.000614,0.000614,0.000614
72,293.594,0.43943,0.88409,0.38841,0.96625,0,0.99731,0.96667,0.96587,0.93179,0.99731,0.96667,0.96587,0.94253,0.28481,0.55408,0.22403,0.40644,0,0.0005942,0.0005942,0.0005942
73,297.256,0.43639,0.83752,0.40101,0.96441,0,0.99561,0.96667,0.96621,0.92332,0.99561,0.96667,0.96621,0.94148,0.31529,0.5915,0.24037,0.41134,0,0.0005744,0.0005744,0.0005744
74,300.703,0.42604,0.90381,0.39932,0.96161,0,0.99411,0.96667,0.96615,0.91593,0.99411,0.96667,0.96615,0.93454,0.32742,0.58182,0.26363,0.41386,0,0.0005546,0.0005546,0.0005546
75,304.16,0.45841,0.97827,0.44193,0.9822,0,0.99509,0.96667,0.96595,0.93349,0.99509,0.96667,0.96595,0.94946,0.29967,0.59704,0.25648,0.4059,0,0.0005348,0.0005348,0.0005348
76,307.63,0.41794,0.83472,0.38619,0.96209,0,0.99388,0.96667,0.9657,0.93339,0.99388,0.96667,0.9657,0.94191,0.31756,0.62217,0.27776,0.41592,0,0.000515,0.000515,0.000515
77,311.26,0.42046,0.79267,0.40148,0.96834,0,0.9916,0.96667,0.96553,0.94971,0.9916,0.96667,0.96553,0.93927,0.2764,0.56962,0.26575,0.3985,0,0.0004952,0.0004952,0.0004952
78,315.067,0.41606,0.77876,0.3849,0.96119,0,0.99106,0.96667,0.96547,0.93699,0.99106,0.96667,0.96547,0.94443,0.28313,0.54857,0.26466,0.40283,0,0.0004754,0.0004754,0.0004754
79,318.72,0.42367,0.79085,0.39439,0.962,0,0.99578,0.96667,0.96589,0.93311,0.99578,0.96667,0.96589,0.94148,0.30907,0.53808,0.23198,0.41429,0,0.0004556,0.0004556,0.0004556
80,322.201,0.43259,0.80797,0.39533,0.97244,0,0.99676,0.96667,0.966,0.92359,0.99676,0.96667,0.966,0.94248,0.30455,0.56025,0.22185,0.40281,0,0.0004358,0.0004358,0.0004358
81,325.613,0.41441,0.78543,0.38678,0.96683,0,0.9974,0.96667,0.96607,0.94191,0.9974,0.96667,0.96607,0.93802,0.29582,0.59579,0.22406,0.39807,0,0.000416,0.000416,0.000416
82,329.48,0.40672,0.77719,0.3822,0.96455,0,0.99748,0.96667,0.96626,0.92835,0.99748,0.96667,0.96626,0.94849,0.32753,0.57952,0.24664,0.41339,0,0.0003962,0.0003962,0.0003962
83,332.947,0.42144,0.8994,0.39557,0.96351,0,0.9978,0.96667,0.96661,0.92001,0.9978,0.96667,0.96661,0.9487,0.32952,0.61119,0.22819,0.41122,0,0.0003764,0.0003764,0.0003764
84,336.369,0.416,0.81236,0.38124,0.95745,0,0.9975,0.96667,0.96676,0.94341,0.9975,0.96667,0.96676,0.94865,0.28848,0.5922,0.20828,0.39502,0,0.0003566,0.0003566,0.0003566
85,339.748,0.41175,0.83445,0.37517,0.95395,0,0.99773,0.96667,0.96686,0.95172,0.99773,0.96667,0.96686,0.94556,0.2977,0.57524,0.20478,0.3956,0,0.0003368,0.0003368,0.0003368
86,343.561,0.39094,0.82957,0.3675,0.95097,0,0.99734,0.96667,0.96667,0.93799,0.99734,0.96667,0.96667,0.94523,0.31342,0.56383,0.20993,0.40573,0,0.000317,0.000317,0.000317
87,347.414,0.40995,0.84413,0.3731,0.96292,0,0.99736,0.96667,0.9665,0.92026,0.99736,0.96667,0.9665,0.9465,0.30252,0.53133,0.2095,0.40214,0,0.0002972,0.0002972,0.0002972
88,350.807,0.4027,0.85968,0.37698,0.962,0,0.99759,0.96667,0.96641,0.92972,0.99759,0.96667,0.96641,0.93752,0.26249,0.46784,0.19721,0.3892,0,0.0002774,0.0002774,0.0002774
89,354.499,0.40106,0.8199,0.35753,0.95969,0,0.99765,0.96667,0.9663,0.93458,0.99765,0.96667,0.9663,0.93399,0.27415,0.46528,0.19541,0.39268,0,0.0002576,0.0002576,0.0002576
90,358.056,0.37495,0.68986,0.34106,0.94793,0,0.99778,0.96667,0.96601,0.93287,0.99778,0.96667,0.96601,0.93385,0.26553,0.47221,0.18995,0.39279,0,0.0002378,0.0002378,0.0002378
91,362.449,0.28207,0.44086,0.44731,0.92435,0,0.99793,0.96667,0.96548,0.92997,0.99793,0.96667,0.96548,0.94348,0.3016,0.56648,0.21762,0.40244,0,0.000218,0.000218,0.000218
92,366.255,0.25241,0.45948,0.30146,0.89433,0,0.99797,0.96667,0.96533,0.93382,0.99797,0.96667,0.96533,0.94416,0.31952,0.57159,0.23636,0.40799,0,0.0001982,0.0001982,0.0001982
93,369.876,0.26865,0.36417,0.31622,0.89885,0,0.99789,0.96667,0.9654,0.93108,0.99789,0.96667,0.9654,0.95145,0.29825,0.52941,0.22467,0.40162,0,0.0001784,0.0001784,0.0001784
94,373.165,0.25925,0.34886,0.31087,0.90999,0,0.99751,0.96667,0.96558,0.94589,0.99751,0.96667,0.96558,0.94194,0.26281,0.49175,0.21796,0.39145,0,0.0001586,0.0001586,0.0001586
95,376.644,0.26974,0.39983,0.32617,0.8927,0,0.99733,0.96667,0.96567,0.93364,0.99733,0.96667,0.96567,0.94869,0.27909,0.43803,0.25112,0.39966,0,0.0001388,0.0001388,0.0001388
96,379.954,0.26048,0.36044,0.28168,0.8922,0,0.99722,0.96667,0.96579,0.94128,0.99722,0.96667,0.96579,0.94852,0.29319,0.4267,0.26071,0.40718,0,0.000119,0.000119,0.000119
97,383.361,0.25461,0.3999,0.26427,0.90316,0,0.99722,0.96667,0.96587,0.94477,0.99722,0.96667,0.96587,0.95208,0.29264,0.42149,0.25096,0.40689,0,9.92e-05,9.92e-05,9.92e-05
98,387.223,0.26694,0.37348,0.29198,0.93645,0,0.99742,0.96667,0.96589,0.94811,0.99742,0.96667,0.96589,0.94832,0.28833,0.41426,0.23724,0.40048,0,7.94e-05,7.94e-05,7.94e-05
99,390.547,0.24644,0.371,0.27276,0.89187,0,0.99761,0.96667,0.96589,0.95087,0.99761,0.96667,0.96589,0.94818,0.2802,0.41044,0.22284,0.39612,0,5.96e-05,5.96e-05,5.96e-05
100,394.279,0.23041,0.30426,0.25102,0.88937,0,0.99761,0.96667,0.96588,0.95589,0.99761,0.96667,0.96588,0.94807,0.26517,0.40921,0.214,0.39186,0,3.98e-05,3.98e-05,3.98e-05
